name,opponent_level,level,stress_amount,crucial_boxes,moves_name,traits,optional_traits,action1,action2,action3,action4,action5,action6,character_description,moves_desc
Roaches,Basic Opponent,1,6,Crucial Boxes: 6,They Just Keep Coming!,"Beast, Nimble","Double Trouble, Triple Threat, Filthy",The roaches come at you biting and scratching. React with Fight.,The roaches' wings flutter in the most disgusting way. React with Will.,The roaches jump onto you to push you down. React with Strength.,The roaches grab onto your clothes or weapons. React with Dexterity.,"The roaches size you up, ready to jump at the first move. React with Caution.","The roaches look at you with blank, beady eyes. They don't attack.","Roaches are small and annoying insects that usually attack in large numbers. They mainly live close to the Inbetweens and in the darkest corners of the House. Roaches usually sneak up on their prey, taking advantage of their quick movements to catch the enemy off-guard and swarm them. They feed on mushrooms and molds, but also eat the carcasses of larger animals and insects. They only attack littlings when they feel their hunting grounds are being threatened.",<strong>They Just Keep Coming!: </strong>Roll a numeric die. Odd: the roaches have been defeated or chased off. <strong>Even: </strong>a new group of roaches arrives and the combat resumes from the start.
Hooligans,Basic Opponent,1,9,Crucial Boxes: 5,"All the Way, Guys!",Littling,"Double Trouble, Triple Threat",The hooligans attack you as a group. React with Fight.,The hooligans try to get a rise out of you with insults. React with Will.,The hooligans throw sand grains and nail tips at you. React with Elusion.,"The hooligans jump on you, trying to push you to the ground. React with Strength.",The hooligans charge at you headfirst. React with Athletics.,"The hooligans give you the stink eye, waiting for your next move. They don't attack.","Hooligans are littlings with a fiery temper, who don't really need a reason to come to blows. Whether they are brawl-happy drunkards, small-time criminals, or honest citizens who are having a bad day, hooligans are just looking for an excuse to start a fight. Luckily they are never armed, maybe with the exception of some improvised clubs and hidden brass knuckles... You know, just in case.","<strong>All the Way, Boys!: </strong>The hooligans call for reinforcements or egg each other on. From now on, all Characters who suffer Stress on their Reaction Turn, also suffer 1 additional Stress."
Gendarmes,Basic Opponent,1,9,Crucial Boxes: 5,Stop them!,"Littling, Double Trouble","Armed, Triple Threat, Shooters",The gendarmes attack you with their batons and cutlery. React with Fight.,The gendarmes try to surround you. React with Caution.,The gendarmes grab and pull at you. React with Strength.,The gendarmes puff in their whistle to call for reinforcements. React with Will.,The gendarmes try to grab you. React with Elusion.,The gendarmes scatter without really doing anything. They don't attack.,"Gendarmes are littlings tasked with upholding law and order in the various cities and towns of the House. In the Realm, they wear light green uniform and are members of the Royal Gendarmerie, while in the Freedomes they wear dark red jackets. In the Hearth they are agents with light blue shirts and answer directly to sheriffs of the Hearth Army, and in the Horde they are known as Militia and wear mustard-colored jackets. Some gendarmes are armed with batons, half-scissors, and pistols, others with muskets and bayonets.",<strong>Stop them!: </strong>The gendarmes try to stop you or shoot at you. Characters who don't pass a Critical Reaction Roll in Elusion + War suffer -1 to their next roll.
Wasps,Basic Opponent,1,6,Crucial Boxes: 4,War Buzz,"Beast, Double Trouble, Flying",Venomous,The wasps attack you with their stingers. React with Elusion.,The wasps grab you and try to pull you up in the air. React with Strength.,The wasps buzz loudly trying to confuse you. React with Insight.,The wasps come at you trying to bite you. React with Fight.,"The wasps dive down, trying to slam into you. React with Athletics.","The wasps fly around you, studying your moves. They don't attack.","Wasps are violent and territorial creatures. They hang around beehives hunting out bees and trying to steal their honey. Wasps will attack on sight anyone who makes too much noise or looks threatening and they are especially tough to face. Their stingers are as sharp as needles. When flying, wasps emit a loud buzzing sound that makes them easy to spot. As such, they usually try to sneak up their prey from above by scampering on mushrooms or other raised surfaces.","<strong>War Buzz</strong>The wasps unleash a powerful and deafening buzz that makes even thinking hard. Until the end of combat, you can no longer play Aces for any reason."
Earwigs,Basic Opponent,1,12,Crucial Boxes: 4-6-8-10-12,"Pinch, then Pile On, then Pile On, then Pile On, then Pile On.","Beast, Triple Threat, Large","Nimble, Filthy",The earwigs repeatedly attack you with their tails. React with Elusion.,"The earwigs shake their tail, but then bite at you. React with Insight.",The earwigs attack you with teeth and pincers. React with Fight.,The earwigs sweep at your feet with their tails. React with Athletics.,The earwigs repeatedly thump their tails on the ground. React with Grace.,The Earwigs jump on you to bite you. React with Strength.,"Earwigs are large insects almost as tall as a littling, their tail looks like a set of pincers, and they use it to clamp down on their prey. They usually attack in small groups and are very aggressive, but rarely venture far from their lair unless they have no other option. On top of that, they are perfectly capable of walking on any vertical surface.","<strong>Pinch: </strong>The earwigs clack their tails. React with Grace + War. Characters who fail become Hurt.<br><strong>Pile On: </strong>The earwigs pile on the weakest prey in sight. The Character with the highest level of Stress immediately suffers 1 Stress. If this makes them Overstressed or forces them to Bow Out, the Move gets repeated."
Centipede,Critical Opponent,2,8,Crucial Boxes: 4,Encircle,"Beast, Large, Venomous, Crawling","Double Trouble, Hardened Shell",The centipede rams violently against you. React with Strength.,The centipede stabs at you with a myriad of pointed legs. React with Fight.,The centipede quickly slithers between you. React with Athletics.,"The centipede thrashes about, causing a small earthquake. React with Grace.",The centipede circles around you and pounces suddenly. React with Caution.,The centipede unleashes a terrifying and deafening scream. React with Will.,"Centipedes are among the most dangerous creatures in the House. They have dozen upon dozens of clawed, venomous legs. Luckily they mostly live in the Inbetweens or next to the Walls. Despite their size, they can walk on walls and crawl silently on any surface to ambush their prey. Unfortunately, on the extremely long list of prey targeted by centipedes, there are also littlings.",<strong>Encircle: </strong>The centipede crawls around the group in a whirl. All Characters suffer -1 to their next Reaction Roll.
Duelists,Critical Opponent,2,7,Crucial Boxes: 2-4-6,Parry or Disarm or Fluster,"Littling, Armed, Nimble, Counter-attack","Double Trouble, Hard to Kill",The duelists make a series of quick thrusts. React with Elusion.,The duelists attempt a feint. React with Insight.,The duelists try to throw you off balance. React with Grace.,The duelists come at you cutting and lunging. React with Fight.,"The duelists hold their attacks, waiting for you to lower your guard. React with Caution.",The duelists cross blades with you. React with Dexterity.,"Overbold adventurers looking to make a name for themselves, nobles who devoted their lives to the fencing arts, or silent assassins with lethal techniques, duelists are fearsome and unpredictable opponents. Whenever they reach their Crucial Box, the Narrator can choose, either freely or randomly, which of their Moves to use.","<strong>Parry: </strong>The duelists ignore the next successful attack against them.<br><strong>Disarm: </strong>The duelists disarm the Character who made them fill in the Crucial Box.<br><strong>Fluster: </strong>The duelists mock the Characters, try to undo their pants, pull their hats on their faces, or embarrass them by getting in their way. React with Grace + War. Characters who fail become Embarrassed."
Scouts,Critical Opponent,2,6,Crucial Boxes: 3,Surround,"Littling, Shooters, Unreachable, Counter-attack","Double Trouble, Triple Threat, Barrage, Hard to Kill, Nimble","The scouts shoot from every direction, you must find cover. React with Investigation.",The scouts lay a trap for you. React with Insight.,The scouts go quiet. Then they take precisely aimed shots. React with Caution.,The scouts target you with ranged weapons. React with Elusion.,The scouts try to surround you. React with Caution.,"The scouts vanish into thin air, then attack from every direction. React with Will.","Scouts are littlings gifted with sharp eyes and ears. They are employed by law enforcement, wealthy citizens, and sometimes even brigands, to keep an eye on a region and patrol the perimeter. When doing reconnaissance, scouts usually act in small groups and move stealthily to locate and surround their target. Some take defensive position, finding a protected perch.","<strong>Surround: </strong>Scouts scatter and surround the group. React with Caution + Street. Characters who fail become Confused. If they are already Confused, they become Scared."
Soldiers,Critical Opponent," 2",6,Crucial Boxes: 4,Storm,"Littling, Armed","Double Trouble, Triple Threat, Shooters, Barrage, Hard to Kill, Armored",The soldiers grab or tackle you. React with Strength.,"The soldiers play dirty, or try to trap you. React with Insight.",The soldiers attack you with drawn weapons. React with Fight.,The soldiers shoot at you. React with Elusion.,The soldiers try to surround you. React with Caution.,The soldiers shout and push you around with their weapons. React with Will.,"Soldiers are the beating heart of the army, they usually patrol the frontiers and wild lands, or defend important and relevant areas of big cities. The main Household military forces are the Great Imperial Army (tasked with territorial control and with maintaining order throughout the House), the Hearth Army, the Porcelain Army of the Free Dominions, and the Horde Army. Soldiers wear reinforced jackets or light cuirasses with the colors and symbols of their nation, and they usually use polearms, one-handed weapons, pistols, and muskets.","<strong>Storm: </strong>The soldiers won't give up so easily. From now on, characters who fail to roll at least one Basic Success on their Reaction Turn immediately become Tired. If they are already Tired, they become Hurt."
Common Spider,Critical Opponent,2,9,Crucial Boxes: 3-6,"Cobweb Volley, then Cobweb Volley","Beast, Large, Cobweb","Double Trouble, Nimble, Venomous, Unreachable",The spider causes a tremor or small collapse. React with Grace.,The spider attacks from above with its legs. React with Elusion.,The spider dashes and attacks suddenly. React with Insight.,The spider circles around you and tries to put your backs to the wall. React with Caution.,The spider stares at you with its too many eyes and clicking chelicerae. React with Will.,The spider attacks you with its front legs. React with Fight.,"Eight legs that can move on any surface, the ability to shoot sticky cobwebs, and an unspecified number of eyes. This, is the recipe for the most fearsome and feared beast in the House. There are several species of common spiders, each with a different shape and coloring, but they all share the ability to move with unbelievable stealth, the tendency to lay dangerous ambushes, and the unfortunate predilection for littling-based meals.","<strong>Cobweb Volley: </strong>In rapid succession, the spider targets all Characters with its cobweb. Characters who don't pass a Critical Reaction Roll in Elusion + War are trapped. See the Cobweb Trait."
Hornets,Critical Opponent,3,7,Crucial Boxes: 3-5,"War Buzz, then Dust Cloud","Beast, Large, Flying, Venomous","Double Trouble, Counter-attack",The hornets target you with their stingers. React with Elusion.,The hornets grab you and try to pull you up in the air. React with Strength.,The hornets get into formation and attack you with cunning. React with Insight.,"The hornets dive down, trying to slam into you. React with Athletics.",The hornets buzz loudly trying to confuse you. React with Caution.,The hornets grab onto you and try to strike you. React with Dexterity.,"Wasps already look like evil incarnate with wings, and yet there are even worse, more conniving, beasts. Hornets behave much like their “little cousins,” but they are much larger, much more irritable, and much more dangerous to face. Nevertheless, they are still a protected species.","<strong>War Buzz: </strong>The hornets unleash a powerful and deafening buzz that makes even thinking hard. Until the end of combat, you can no longer play Aces for any reason.<br><strong>Dust Cloud: </strong>The hornets fly around the Characters and raise a dust cloud. The Narrator rolls a numeric die for every Character. Even: that Character is now Blinded."
Beetle,Critical Opponent,3,12,Crucial Boxes: 5-10,"Impact, then Impact","Beast, Large, Double Trouble, Hardened Shell","Triple Threat, Huge, Shield",The beetle tries to hit you with its horn. React with Elusion.,The beetle crashes into you. React with Strength.,The beetle attacks you with its jaws or horns. React with Fight.,The beetle charges at you. React with Athletics.,"The beetle goes into a rage, you must find cover. React with Investigation.",The beetle snorts and flutters its wings. React with Will.,"There are a myriad species of beetles in the house. The larger ones, like the stag beetle, or the Dasewer rhinoceros beetle, have been used as guard animals and mounts since ancient times. However, there are also wild beetles, and they can prove very aggressive toward littlings. This is especially true for doodlebugs: huge, aggressive beetles unanimously recognized as wild animals you never want to run into.","<strong>Impact: </strong>The beetle charges, crashing into you. Characters who don't pass an Extreme Reaction Roll in Athletics + War become Hurt. If they are already Hurt, they become Broken."
Lizard,Critical Opponent,3,6,Crucial Boxes: 3-5,"Tail Whip, then Getaway","Beast, Large, Double Trouble, Nimble","Triple Threat, Huge, Filthy, Counter-attack",The lizard strikes at you with its tongue or throws debris with its tail. React with Elusion.,"The lizard studiously waits for your next move, then strikes. React with Insight.",The lizard jumps on you. React with Athletics.,The lizard forces you to jump around to avoid its tail. React with Grace.,"The lizard shakes its tail to raise a dust cloud, then lunges suddenly. React with Caution.",The lizard tries to maul your arms. React with Dexterity.,"Despite being large reptiles, lizards are incredibly nimble, and can walk on walls with extreme ease. They are native to the Kashab Desert, where some even use them as mounts, but can be found throughout the House.","<strong>Tail Whip: </strong>A quick swipe of the tail. Characters who don't pass a Critical Reaction Roll in Grace + War fall to the ground. Characters on the ground must use their action to stand back up. Until they do, they suffer -1 to all rolls.<br><strong>Getaway:</strong> The lizard drops its tail and runs away. A Character who hasn't had their turn yet may make a Reaction Roll in Investigation + Street to notice this trick. If they succeed, they can choose whether to resume combat or let the lizard escape. If they fail, everyone becomes Confused and the lizard escapes."
Cuirassiers,Critical Opponent,3,8,Crucial Boxes: 5,Defensive Formation,"Littling, Armed, Double Trouble, Hard to Kill, Armored","Shooters, Shield",The cuirassiers raise their shields and push you back. React with Strength.,The cuirassiers attack you head-on. React with Fight.,The cuirassiers try to scatter you. React with Insight.,The cuirassiers keep you at a distance with their spears. React with Athletics.,The cuirassiers try to surround you. React with Caution.,The cuirassiers make quick thrusts with their spears. React with Dexterity.,"Some gendarmes and soldiers wear heavy armor and helmets with the symbols of their army. Cuirassiers are employed to protect important targets or to make searches, and they always move in groups. They prefer polearms or two-handed weapons, and sometimes have armored shooters in their group.","<strong>Defensive Formation:</strong> The cuirassiers come shoulder to shoulder. From now on, Characters have -1 to all Action Rolls made to attack."
Rat,Critical Opponent,3,9,Crucial Boxes: 3-6,"Tail Whip, then Rage","Beast, Huge, Double Trouble, Filthy","Triple Threat, Counter-attack",The rat attacks you with its fangs and claws. React with Fight.,The rat slams you against the ground or wall. React with Strength.,The rat tries to furiously chomp on you. React with Dexterity.,"The rat whips the air with its tail and claws, you must find cover. React with Investigation.","The rat bares its fangs, then strikes with the tail. React with Insight.",The rat makes terrifying growls and squeaks. React with Will.,"Rats look much like hugely overgrown mice with long, muscly tails. However, they have very little in common with their noble cousins. Unlike mice, rats hunt littlings and are impossible to train, with the exception of a few tamer breeds. These beasts are a real pain for hunters, as they threaten the natural balance of any hunting ground they reach. They have been known to sometimes even venture into towns to find food.","<strong>Tail Whip: </strong>A quick swipe of the tail threatens to knock down the Characters. Characters who don't pass a Critical Reaction Roll in Grace + War fall to the ground. Characters on the ground must use their action to stand back up. Until they do, they suffer -1 to all rolls.<br><strong>Rage: </strong>The hair on the back of the rat stands up as it hisses. From now on, Characters have -1 to all Action Rolls made to attack."
Large Spider,Critical Opponent,4,9,Crucial Boxes: 2-5-7-9,"Cobweb Volley (or Slam), then Pile On, then Cobweb Volley (or Slam), then Pile On","Beast, Huge, Double Trouble","Triple Threat, Hardened Shell, Cobweb, Venomous, Filthy, Counter-attack, Unreachable",The large spider attacks from above with its legs. React with Elusion.,"The large spider thrashes about causing a collapse, you must find cover. React with Investigation.",The large spider attacks you with its front legs. React with Fight.,The large spider causes a tremor or small collapse. React with Grace.,The large spider circles around you and tries to put your backs to the wall. React with Caution.,The large spider stares at you with its too many eyes and clicking chelicerae. React with Will.,"As if common spiders weren't enough, the House is also home to too many large spiders, hiding in their lairs in the Inbetweens. Tarantulas (Cobweb, Venomous) are huge, hairy arachnids that roam the lands of the Horde, camouflaging with the rusted walls of the Basement. Wolf Spiders (Hardened Shell, Counter-attack), on the other hand, are unusually strong beasts. Luckily they at least produce no cobwebs. They only live in Pinewood and in mushroom forests, where they love to lay lethal ambushes.","<strong>Cobweb Volley: </strong>In rapid succession, the spider targets all Characters with its cobweb. Characters who don't pass a Critical Reaction Roll in Elusion + War are trapped. See the Cobweb Trait.<br><strong>Slam: </strong>The spider uses its huge body to ram into the Characters. Characters who don't pass a Critical Reaction Roll in Athletics + War become Hurt. If they are already Hurt, they become Tired. If they are already Tired, they become Broken.<br><strong>Pile On: </strong>The spider focuses on the weakest prey in sight. The Character with the highest level of Stress immediately suffers 1 Stress. If this makes them Overstressed or forces them to Bow Out, the Move gets repeated."
Honor Guard,Critical Opponent,4,9,Crucial Boxes: 4-8,"Defensive Formation, then Storm","Littling, Armed, Double Trouble, Hard to Kill, Armored, Shield, Shooters","Triple Threat, Counter-attack, Barrage",The honor guard raise their shields and push you back. React with Strength.,The honor guard keep you at a distance with their spears. React with Athletics.,The honor guard try to surround you. React with Caution.,The honor guard shout orders and get into formation. React with Will.,The honor guard attack you head-on. React with Fight.,"The honor guard shoot at you with two alternating lines, you must find cover. React with Investigation.","Only the most skillful littlings are chosen to become part of an honor guard. These littlings wear showy sets of heavy armor, always shined and oiled, and act as escorts for nobles, ambassadors, and officers. The most protected places in the House, like the Highlight palace or the house of the Caliph in Al Sehir, are always guarded by groups of these littlings, who carry tall shields with the emblem of their nation.","<strong>Defensive Formation: </strong>The soldiers of the honor guard come shoulder to shoulder. From now on, Characters have -1 to the Action Rolls made to attack.<br><strong>Storm: </strong>The soldiers of the honor guard won't give up so easily. From now on, Characters who fail to roll at least one Basic Success on their Reaction Turn immediately become Tired. If they are already Tired, they become Hurt."
Master Duelists,Critical Opponent,4,11,Crucial Boxes: 2-4-6-8-10,Parry or Disarm or Fluster or Pile On,"Littling, Armed, Double Trouble, Hard to Kill, Nimble, Counter-attack","Triple Threat, Shooters",The master duelists make a series of quick thrusts. React with Elusion.,The master duelists press hot on your heels. React with Will.,"The master duelists jump above you, attacking from mid-air. React with Athletics.",The master duelists attempt a feint. React with Insight.,The master duelists cross blades with you. React with Dexterity.,The master duelists try to throw you off balance. React with Grace.,"Extremely high-ranking officers, masters from fencing academies, and silent assassins ready to fight to their last breath. Whenever the master duelists reach their Crucial Box, the Narrator can choose, either freely or randomly, which Move they use.","<strong>Parry: </strong>The duelists ignore the next successful attack against them.<br><strong>Disarm: </strong>The duelists disarm the Character who made them fill in the Crucial Box. <br><strong>Fluster: </strong>The duelists mock the Characters, they try to undo their pants, pull their hats on their faces, or embarrass them by getting in their way. React with Grace + War. Characters who fail become Embarrassed.<br><strong>Pile On: </strong>The duelists focus on the weakest fighter. The Character with the highest level of Stress immediately suffers 1 Stress. If this makes them Overstressed or forces them to Bow Out, the Move gets repeated."
Spurred Centipede,Critical Opponent,4,9,Crucial Boxes: 3-6-8,"Encircle, then Slam, then Spiral","Beast, Huge, Double Trouble, Shield, Venomous, Crawling","Triple Threat, Hardened Shell, Counter-attack, Unreachable",The spurred centipede slithers around you and tries to constrict you. React with Elusion.,The spurred centipede stabs at you with a myriad of pointed legs. React with Fight.,"The spurred centipede thrashes about, causing a small earthquake. React with Grace.",The spurred centipede circles around you and pounces suddenly. React with Caution.,The spurred centipede unleashes a terrifying and deafening scream. React with Will.,"The spurred centipede causes a collapse, you must find cover. React with Investigation.","The spurred is an especially large species of centipede, characterized by a black, opaque color and hard spurs on their legs on their legs. These huge beasts are fortunately hard to find, as they build their nests only in the depths of the Inbetweens and in some of the most dangerous places of the House.","<strong>Encircle:</strong> The centipede crawls around the group in a whirl. All Characters suffer -1 to their next Reaction Roll.<br><strong>Slam: </strong>The centipede rams violently against the Characters. Characters who don't pass a Critical Reaction Roll in Athletics + War become Hurt. If they are already Hurt, they become Tired. If they are already Tired, they become Broken. Spiral: The centipede coils into a spiral. All Characters suffer -1 to their next Action Roll."
Golden Backs,Critical Opponent,4,13,Crucial Boxes: 4-7-9-11,"Storm, High Altitude, Tailspin, To the End","Littling, Armed, Hard to Kill, Double Trouble, Armored, Nimble, Counter-attack",-,The golden backs cross swords with you. React with Dexterity.,The golden backs fly in circles around you and lunge suddenly. React with Insight.,The golden backs attack you with their cocktail spears. React with Fight.,The golden backs attack with quick acrobatic strikes. React with Grace -1.,The golden backs fly toward you at top speed. React with Elusion.,The golden backs take to the air and dive at you suddenly. React with Caution.,"Pride of the Realm: The most noble, most decorated faeries have a chance to renew their Hereditary Contract in a solemn ritual that takes place in the shade of the Great Window. Thanks to this ritual, they gain the gift of True Flight: the ability to fly without limitations and at great speed. The best among them also receive a precious set of armor made from golden chafer, with elytra that protect their wings without impeding their flight. These blond knights, called as such after the color of the plumes on their helmets, are the pride of the Realm and represents the main assault force of the Great Imperial Army. They are usually employed in defense of the airspace near Highlight and in the Outhold, but they can also be put in charge of small groups of soldiers in any nation of the House. Thanks to the Astraviya Treaty, the Golden Backs now have more decisional power than any other officer in any other army of the Household, with the exception of generals.","<strong>Storm: </strong>The golden backs get into attack formation. From now on, Characters who fail to roll at least one Basic Success on their Reaction Turn immediately become Tired. If they are already Tired, they become Hurt.<br><strong>High Altitude: </strong>The golden backs take to the air. They are within range to be hit only for ranged weapons, firearms, and flying Faeries. When attacked, the Characters may counter-attack with melee weapons as well.<br><strong>Tailspin: </strong>The golden backs make a spiraling maneuver and then dive to attack the Characters. Then they return to high altitude. Characters who don't pass an Extreme Reaction Roll in Athletics + War become Hurt. If they are already Hurt, they become Broken.<br><strong>To the End: </strong>The golden backs land and unsheathe their twin half-scissors. They lose the Double Trouble Trait and from now on, they are an Extreme Opponent."
Janissaries,Critical Opponent,5,12,Crucial Boxes: 3-6-10,"Red Fury, Rusted Blood, Revenant","Littling, Armed, Hard to Kill, Triple Threat, Shield, Armored, Shooters, Counter-attack, Rust",-,The janissaries draw their pistols and shoot at you. React with Elusion.,The janissaries attack you with rusted cogpesh. React with Fight.,The janissaries point their weapons at you and slowly close in. React with Caution.,The janissaries spread shards of red rust with every move. React with Will -1.,The janissaries jump toward you in an acrobatic maneuver. React with Grace.,The janissaries cross their cogpesh with your weapons. React with Dexterity.,"The Horde Army picks the best sluagh among their ranks so that they may join the Janissaries corp. These littlings are led to the Red Spring, where Skullrider Vaqaard has them enter a Rusted Contract. Thus, janissaries gain the ability to use rusted weapons and armor without being affected by the disease in them. They then go on to serve to protect either the capital or an Emir. Whenever they are not wearing their rusted armor, they can be recognized by the thin coppery veins visible under their skin.","<strong>Red Fury: </strong>The janissaries call on the power of rust and enter a state of fury. From now on, Characters have -1 to all Action Rolls made to attack.<br><strong>Rusted Blood: </strong>Rust flows through the veins of the janissaries, healing their every wound. The janissaries can suffer no more Stress this turn.<br><strong>Revenant: </strong>By the power of rust, the janissaries shake off their pain. Whenever the janissaries should suffer 1 Stress, the Narrator rolls a numeric die. <strong>Even: </strong>the janissaries suffer no Stress."
Cinder Knights,Critical Opponent,5,12,Crucial Boxes: 4-9,"Spin Attack, then Juggernaut","Littling, Armed, Double Trouble, Heavily Armored",-,The knights quickly change their grip and attack you with great force. React with Caution.,The knights unleash a war-cry that echoes from their helmets. React with Will.,The knights strike powerful blows with their ceremonial keys and great-scissors. React with Fight.,"The knights throw their spinning weapons at you, you must find cover. React with Investigation.",The knights charge at you headfirst. React with Athletics.,The knights push you against the wall or to the ground. React with Strength -1.,Only the most valiant boggarts can endure the grueling training in Cinderhall and become Knights. These warrior monks devoted to protecting the Hearth can rely on an Ashen Contract which grants them the right to wear adorned armor that would melt into ashes in the hands of any other littling.,"<strong>Spin Attack: </strong>The knights spin their weapons. Characters who fail a Critical Reaction Roll in Grace + War fall to the ground. Fallen Characters must use their action to stand back up. Until they do, they suffer -1 to all rolls.<br><strong>Juggernaut: </strong>The knights go juggernaut, and their legendary cinder armor grows to fit their enlarged bodies. They lose the Double Trouble Trait and from now on, they are an Extreme Opponent and they gain the Large Trait."
Porcelain Infantry,Critical Opponent,5,15,Crucial Boxes: 3-7-10-13,"Charge, then Defensive Formation, then Charge, then Water Retention","Littling, Armed, Double Trouble, Heavily Armored, Shooters, Barrage",-,"The infantry shoot at you with two alternating lines, you must find cover. React with Investigation.",The infantry attack you with double-bitted keys and razors. React with Fight.,"The infantry clash against you, pushing you with their shoulders. React with Strength.",The infantry get in formation and hold their attack until your flank is exposed. React with Caution.,The infantry charge at you with weapons drawn. React with Athletics -1.,The infantry attempt a maneuver to scatter you. React with Insight.,"The infantry are the elite corps of the Porcelain Army of the Free Dominions and, traditionally, they are all undines. They proudly wear pearly white sets of armor made with the porcelain mined in the quarry of the Great Bowl, an extremely hard material polished by the incessant flow of water. The infantry use heavy weapons and double-bitted keys, but they are just as famous for their precision with muskets.","<strong>Charge: </strong>The porcelain infantry charges at you with keys and bayonets. Characters who don't pass a Critical Reaction Roll in Athletics + War become Hurt. If they are already Hurt, they become Broken.<br><strong>Defensive Formation: </strong>The porcelain infantry get in formation. From now on, Characters have -1 to all Action Rolls made to attack.<br><strong>Water Retention: </strong>The porcelain infantry sweat profusely, shrugging off their wounds and exhaustion. The porcelain infantry can suffer no more Stress this turn."
Golden Silk Orbweaver,Critical Opponent,5,13,Crucial Boxes: 2-4-6-8-11,"Cobweb Volley, then Cobweb Volley, then Lash, then Cobweb Volley, then Lash","Beast, Huge, Triple Threat, Golden Cobweb, Unreachable, Venomous",-,The spider scampers on the wall and creates a tremor in its web. React with Grace.,The spider quickly strikes at you with its legs. React with Dexterity.,The spider vanishes for a few seconds... Then lunges out of thin air. React with Caution.,The spider jumps on you. React with Athletics.,The spider dashes around you. Then it attacks. React with Insight.,The spider hurls a cobweb projectile toward you. React with Elusion -1.,"The golden silk orbweaver is an exotic beast that has arrived from Farbeyond by following the Sluagh on the day of Samhain. It was named after its ability to spin an extremely hard web that looks like a golden net. These extremely rare spiders love to stay hidden and attack littlings from a distance while they hold back on their webs. The most famous orbweaver in the House is Mammon, a spider who can offer the Goldthirst Contract.","<strong>Cobweb Volley: </strong>In rapid succession, the spider targets all Characters with its cobweb. Characters who don't pass a Critical Reaction Roll in Elusion + War are trapped. See the Golden Cobweb Trait.<br><strong>Lash: </strong>The spider shakes its web. Characters who don't pass a Critical Reaction Roll in Grace + War fall to the ground. Characters on the ground must use their action to stand back up. Until they do, they suffer -1 to all rolls."
Net Casting Spider,Critical Opponent,5,15,Crucial Boxes: 5-10-15,"Cobweb Trap, then Cobweb Trap, then Pile On","Beast, Huge, Triple Threat, Cobweb, Venomous, Nimble, Counter-attack",-,"The spider crashes into you, trying to push you to the ground. React with Strength.",The spider attacks with its long legs. React with Fight.,"The spider vanishes in the darkness, then lunges toward you. React with Caution -1.","The spider runs toward you, then jumps on you. React with Athletics.",The spider repeatedly strikes as it moves forward. React with Dexterity.,The spider hurls cobweb projectiles toward you. React with Elusion.,"The net casting spider is slim and silent. It has the terrible habit of laying elaborate traps made to measure for littlings. These beasts have been the cause of many mysterious disappearances in the furthest corners of the House. They can weave webs that look like nets and hold them in their front legs to suddenly envelop their prey. The most famous arachnid of this kind is the Fog Giant from Pinewood. A creature so silent, it can even grant a Neverheard Contract.","<strong>Cobweb Trap: </strong>The spider weaves a cobweb net and uses it to trap the Characters. Characters who don't pass a Extreme Reaction Roll in Caution + War are trapped. See the Cobweb Trait.<br><strong>Pile On: </strong>The spider focuses on the weakest prey in sight. The Character with the highest level of Stress immediately suffers 1 Stress. If this makes them Overstressed or forces them to Bow Out, the Move gets repeated."
Giant Centipede Tail,Critical Opponent,5,12,Crucial Boxes: 2-4-6-8-10-12,"Encircle, then Slam, then Slap, then Slam, then Slap, then Things Get Serious","Beast, Giant, Double Trouble, Crawling, Counter-attack, Venomous",-,"The centipede causes a collapse with its tail, you must find cover. React with Investigation.",The centipede shakes its tail left and right. React with Caution.,"The centipede shakes its tail, causing an earthquake. React with Grace.",The centipede uses its tail to swipe at you. React with Athletics -1.,The centipede shakes its tail covered in venomous legs. React with Will.,"The centipede slithers around you, trying to constrict you with its tail. React with Elusion.",This is only the tail...,"<strong>Encircle: </strong>The giant centipede crawls around the group in a whirl. All Characters suffer -1 to their next Reaction Roll.<br><strong>Slam: </strong>The giant centipede violently rams its tail against the Characters. Characters who don't pass a Critical Reaction Roll in Athletics + War become Hurt. If they are already Hurt, they become Tired. If they are already Tired, they become Broken.<br><strong>Slap: </strong>A powerful blow of the tail blasts the Characters away. Characters who don't pass a Critical Reaction Roll in Caution + War get disarmed and thrown out of combat. They'll need an entire turn to return in melee.<br><strong>Things Get Serious: </strong>The Characters managed to wound the giant centipede enough to make it angry. The giant centipede falls on them, ready to fight with its full strength. Characters who don't pass a Extreme Reaction Roll in Will + War become Scared and suffer -1 to their next roll. Then, go to Giant Centipede."
Giant Centipede,Extreme Opponent,5,4,Crucial Boxes: 3,Grand Slam,"Beast, Giant, Crawling, Venomous",-,The centipede constricts you in its coils. React with Strength.,The centipede attacks you with its many hooked legs. React with Fight.,The centipede grabs your legs and arms with its many legs. React with Dexterity -1.,"The centipede crashes about, causing rubble and dust to fall. React with Caution.","The centipede looks at you with an empty stare, then descends on you. React with Insight.",The centipede tries to surround you with its coils. React with Elusion.,"The giant centipede well earned its name by being one of the largest creatures in the entire House. It normally inhabits the damp depths of the Inbetweens, but there have been sightings of giant centipedes in Dreadwood and in the Kashab Desert, an alarming piece of news that brought together many scientists to search for a solution. None has been found yet. Facing this centipede is an insane feat, appealing only to hunters who really love strong emotions or the feeling of being chewed. Giant centipedes have more legs than anyone can count, probably more than any living being should reasonably have on their body, and they use them all to attack viciously. If you were wondering, each of these legs drips with venom, obviously. The most famous giant centipede in the House is “little” Bismilla, who escaped from Viscount Protopopolov's Zoological Garden. This beast is so conceited that it has the power to grant the Vainglory Contract.","<strong>Grand Slam: </strong>The giant centipede uses its huge body to violently charge against the Characters. Characters who don't pass an Extreme Reaction Roll in Athletics + War become Hurt. If they are already Hurt, they become Broken."
Legs of the Huntsman Spider,Critical Opponent,5,12,Crucial Boxes: 3-6-9-12,"Stomp, then Stomp, then Stomp, then Things Get Serious","Beast, Giant, Double Trouble, Cobweb, Venomous, Shield",-,The spider stomps its legs and causes a tremor or collapse. React with Grace.,"The spider's legs thrash about causing a collapse , you must find cover. React with Investigation -1.","The spider hits you with its legs, trying to push you to the ground. React with Strength.",The spider attacks with its long legs. React with Fight.,The spider kicks you away with its legs. React with Athletics.,The spider tries to crush you by quickly moving its legs. React with Elusion.,"<strong>Black Husk Armor: </strong>Littlings valiant enough to fell a huntsman spider can then use its precious husk to forge a unique set of heavy armor. Removing the husk from the beast's carcass is a complex operation that requires several hours and steady hands. Once removed, the husk is so large and heavy that you'll need a cart or carriage to move it. After you bring the husk to an armorer, they'll ask for 10 coins and one month time to fabricate a single set of armor made to measure. The Black Husk Armor grants all the benefits of heavy armor, with none of the Hindrances.","<strong>Stomp: </strong>One of the huge legs of the huntsman spiders falls on the Characters. Characters who don't pass a Critical Reaction Roll in Grace + War fall to the ground. Characters on the ground must use their action to stand back up. Until they do, they suffer -1 to all rolls.<br><strong>Things Get Serious: </strong>The Characters managed to wound the huntsman spider enough to make it angry. The huntsman spider falls on them, ready to fight with its full strength. Characters who don't pass an Extreme Reaction Roll in Will + War become Scared and suffer -1 to their next roll. Then, go to Huntsman Spider."
Huntsman Spider,Extreme Opponent,5,4,Crucial Boxes: 3,Cobweb Storm,"Beast, Giant, Venomous, Filthy, Counter-attack",-,The spider stares at you from above with its thousand beady eyes. React with Will.,The spider attacks you with all its legs. React with Fight -1.,The spider hurls cobweb projectiles toward you. React with Elusion.,The spider repeatedly strikes as it moves forward. React with Dexterity.,The spider slams into you with all of its weight. React with Strength.,The spider tries to trap you between its legs. React with Caution.,"The name of “huntsman spider” alone makes one thing clear: nothing hunts these creatures. But if you still had doubts, you must know that they are dozens and dozens of tiny meters tall, and their legs are so long that they can easily step over houses like they were nothing. In the lands of the Horde and Free Dominions, if you want to be sure to never fall prey to these spiders, you must be especially careful to never venture in the damper recesses of the Inbetweens or among tall mushrooms. After all, everyone knows that these spiders have a habit of standing perfectly still, with their long legs camouflaging as mushroom stalks, only to close their grip on the unfortunate creatures that step amid them. The most cruel and violent of all huntsman spiders, and possibly the most ruthless creature in the House, is Xerxes, also known as the Sunset Devil. This legendary monster has its lair in the depths of the Kashab Desert, and it is powerful enough that it can grant a Wallstrider Contract.",<strong>Cobweb Storm: </strong>The huntsman spider weaves a huge web that covers everything. Characters who don't pass an Extreme Reaction Roll in Investigation + War don't manage to find cover in time and become trapped. See the Cobweb Trait.